metric,value
chi_square_p_value,0.9635598936393431
kl_divergence,0.0019956407823309343
actual_overlap_mean,0.828009828009828
deviation_std,10.324876440488943
