model,subset_accuracy,number_level_accuracy,avg_hit,hit_std,precision_at_6,recall_at_6,brier_score
soft_voting_ensemble,0.0,0.7759336099585062,0.95850622406639,0.8388518685859504,0.1597510373443983,0.1597510373443983,0.1938127968852956
classifier_chain,0.0,0.7746426924850162,0.9294605809128632,0.8040376064044055,0.1549100968188105,0.1549100968188105,0.1993751879790669
logistic_regression,0.0,0.7724296911018903,0.8796680497925311,0.843600201871385,0.1466113416320885,0.1466113416320885,0.3053878858677155
xgboost,0.0,0.7722452743199631,0.8755186721991701,0.8791394324949436,0.1459197786998617,0.1459197786998617,0.1757202831617666
random_forest,0.0,0.7683725218994929,0.7883817427385892,0.7517820291931098,0.1313969571230982,0.1313969571230982,0.1372768766550452
random_baseline,0.0,0.7681881051175657,0.7842323651452282,0.7642968807603817,0.1307053941908713,0.1307053941908713,
freq_heuristic,0.0,0.7668971876440757,0.7551867219917012,0.7636884088957916,0.1258644536652835,0.1258644536652835,
gap_heuristic,0.0,0.7656062701705855,0.7261410788381742,0.7510029565039502,0.1210235131396957,0.1210235131396957,
