group_col,group_value,draws,total_number_count,chi_square_stat,chi_square_p_value,kl_divergence_vs_overall
season,winter,309,1854,36.83176831913694,0.7697218571545911,0.009863837436724053
season,autumn,299,1794,27.56219591296765,0.9751055841419671,0.007779832540491156
season,spring,312,1872,26.74598456928344,0.9813495472595575,0.007156154095704996
season,summer,302,1812,25.827781359527968,0.9868352156606051,0.007079322084629344
